[{"id":1,"name":"wheat","quantity":150,"measure":"kilogram"},{"id":2,"name":"rice","quantity":250,"measure":"kilogram"},{"id":3,"name":"biscuits","quantity":100,"measure":"packets"},{"id":4,"name":"blanket","quantity":50,"measure":"-"},{"id":5,"name":"1L water bottles","quantity":150,"measure":"-"},{"id":6,"name":"maggi","quantity":150,"measure":"packets"},{"id":7,"name":"candles","quantity":100,"measure":"-"},{"id":8,"name":"cloth","quantity":836,"measure":"packets"},{"id":8,"name":"tents","quantity":"10","measure":"-"}]